feature_columns,target_columns,train_mse,train_mae,train_rmse,train_mape,train_mse_per_target,test_mse,test_mae,test_rmse,test_mape,test_mse_per_target
"[2, 3, 4, 5, 6, 7, 8, 9, 10, 11, 12, 13, 14, 15, 16, 17, 18, 19, 20, 21, 22, 23, 24, 25, 26, 27, 28, 29, 30, 31, 32, 33, 34, 35, 36, 37, 38, 39, 40, 41, 42, 43, 44, 45, 46, 47, 48, 49, 50, 51, 52, 53, 54, 55, 1]",[1],"[5609.377073867271, 6967.764525190026, 37773.80413492746]","[61.17800700397874, 70.70276884835152, 189.2104350035734]","[74.89577473974931, 83.47313654817354, 194.35484078079315]","[46.91170949499681, 57.028529750720466, 241.2714902721667]","[array([5609.37707387]), array([6967.76452519]), array([37773.80413493])]","[19655.791829898197, 23685.07803675306, 10093.621122321869]","[139.1759079005632, 152.9765697906935, 98.3612261896596]","[140.19911493978196, 153.89957126890596, 100.46701509610938]","[73.09190698230653, 80.41255984351757, 52.96521212704156]","[array([19655.7918299]), array([23685.07803675]), array([10093.62112232])]"
