feature_columns,target_columns,train_mse,train_mae,train_rmse,train_mape,train_mse_per_target,test_mse,test_mae,test_rmse,test_mape,test_mse_per_target
[1],[1],"[326.3565914798076, 549.8198691298453, 1210.4381315920778]","[14.894952966709976, 18.488619036497084, 28.26688514498553]","[18.06534227408403, 23.448238081566924, 34.791351390713146]","[21.532893307633497, 28.371835067678532, 43.22077557125959]","[array([326.35659148]), array([549.81986913]), array([1210.43813159])]","[646.5781660332627, 540.213513252195, 1125.760978067356]","[24.509561983012055, 21.87159699149273, 29.873094280246843]","[25.42790132970597, 23.242493696937835, 33.552361736059]","[12.727787930093909, 11.324025417311914, 15.180439408956625]","[array([646.57816603]), array([540.21351325]), array([1125.76097807])]"
[1],[1],"[326.3489254566785, 549.7480629583688, 1210.4381315920778]","[14.894061332165746, 18.489438044891884, 28.26688514498553]","[18.065130097972684, 23.446706868094903, 34.791351390713146]","[21.533018011307643, 28.369603962820626, 43.22077557125959]","[array([326.34892546]), array([549.74806296]), array([1210.43813159])]","[646.3125470420223, 540.8067544718158, 1125.760978067356]","[24.504256662673857, 21.884968107729367, 29.873094280246843]","[25.422677810215475, 23.25525219110332, 33.552361736059]","[12.72499574062078, 11.331080986232992, 15.180439408956625]","[array([646.31254704]), array([540.80675447]), array([1125.76097807])]"
[1],[1],"[326.3427431680702, 549.8083050589138, 1210.4381315920778]","[14.894394902563164, 18.48944691584006, 28.26688514498553]","[18.064958986061114, 23.44799149306639, 34.791351390713146]","[21.532567028141926, 28.37133772129753, 43.22077557125959]","[array([326.34274317]), array([549.80830506]), array([1210.43813159])]","[646.4605138951955, 540.5542132554116, 1125.760978067356]","[24.507251561419746, 21.87925947350342, 29.873094280246843]","[25.425587778755393, 23.249821789755973, 33.552361736059]","[12.72657892154012, 11.328061198951564, 15.180439408956625]","[array([646.4605139]), array([540.55421326]), array([1125.76097807])]"
